{"cameraMode":{"drawMode":0,"name":"Shaded","section":"Shading Mode"},"sceneLighting":true,"audioPlay":false,"sceneViewState":{"m_AlwaysRefresh":false,"showFog":true,"showSkybox":true,"showFlares":true,"showImageEffects":true,"showParticleSystems":true,"showVisualEffectGraphs":true,"m_FxEnabled":true},"in2DMode":false,"pivot":{"x":527.7023315429688,"y":407.5829162597656,"z":-116.5506591796875},"rotation":{"x":0.2164619266986847,"y":-0.09762409329414368,"z":0.021758779883384706,"w":0.9711374640464783},"size":218.69911193847657,"orthographic":false}