{"cameraMode":{"drawMode":0,"name":"Shaded","section":"Shading Mode"},"sceneLighting":true,"audioPlay":false,"sceneViewState":{"m_AlwaysRefresh":false,"showFog":true,"showSkybox":true,"showFlares":true,"showImageEffects":true,"showParticleSystems":true,"showVisualEffectGraphs":true,"m_FxEnabled":true},"in2DMode":false,"pivot":{"x":518.2661743164063,"y":382.0000305175781,"z":64.1820068359375},"rotation":{"x":0.02430635318160057,"y":-0.00718719745054841,"z":0.00017459611990489066,"w":0.9996692538261414},"size":226.72032165527345,"orthographic":false}